Full Name,Sex,Nation,Marital,Age,Username,Password,Room ID,Total People,Total Days to Stay,Current Days,CheckIn Date,CheckOut Date
ugrterk surDefault,female,kovboy,single,72,ugurrr,ucar, ,4,3,0,Thu Jan 01 02:00:00 EET 1970,Thu Jan 01 02:00:00 EET 1970
recepp surDefault,kadin,amerikanokapicinio,married,8,ucanadam,123,100,3,5,0,Thu Jan 01 02:00:00 EET 1970,Thu Jan 01 02:00:00 EET 1970
rektor surDefault,male,turkish,single,30,rektor,kral, ,4,4,0,Thu Jan 01 02:00:00 EET 1970,Thu Jan 01 02:00:00 EET 1970
Yilmaz Mor,MAN,Turk,married,30,default,default,203,4,10,0,Thu Jan 01 02:00:00 EET 1970,Thu Jan 01 02:00:00 EET 1970
Remziye Can,FEMALE,Turk,married,42,default,default,200,3,7,0,Thu Jan 01 02:00:00 EET 1970,Thu Jan 01 02:00:00 EET 1970
Ucan Araba,FEMALE,Turk,married,19,abi,liseli, ,5,7,0,Thu Jan 01 02:00:00 EET 1970,Thu Jan 01 02:00:00 EET 1970
Ermer Pasotanya,FEMALE,English,married,19,ucan,liseli,300,3,7,0,Thu Jan 01 02:00:00 EET 1970,Thu Jan 01 02:00:00 EET 1970
